avg_total_wait,avg_total_queue,throughput
8.637552015515444,10.886944444444444,2025
