avg_total_wait,avg_total_queue,throughput
4.424818030288426,6.605555555555555,1979
