avg_total_wait,avg_total_queue,throughput
5.054801747114828,7.473611111111111,2044
